config,input_features,variant,model_size_kind,seeds,warmups,cycles_avg,cycles_min,cycles_max,cycles_over_legacy,runtime_source,runtime_status,runtime_done_status,model_state_bytes,arena_or_required_memory,object_or_control_bytes,elf_text,elf_data,elf_bss,elf_dec,elf_file_bytes,elf_text_over_legacy,elf_dec_over_legacy,elf_file_over_legacy,build_dir,serial_path,size_path,elf_path
8x8,3,legacy_c,arena+control,10,2,5012326,4666393,5211988,1.0,combined_all_log,0,0,3296,3232,64,49388,92,31404,80884,80080,1.0,1.0,1.0,${EL_CVSCPP_PROJECT_ROOT}/STM32CubeIDE/Appli/EL_C_vsCpp_Ablation_DEBUG/3_8x8_1/legacy_c,${EL_CVSCPP_PROJECT_ROOT}/STM32CubeIDE/Appli/EL_C_vsCpp_Ablation_DEBUG/3_8x8_1/legacy_c/serial.log,${EL_CVSCPP_PROJECT_ROOT}/STM32CubeIDE/Appli/EL_C_vsCpp_Ablation_DEBUG/3_8x8_1/legacy_c/EL_C_vsCpp_Appli_3_8x8_1_legacy_c.size.txt,${EL_CVSCPP_PROJECT_ROOT}/STM32CubeIDE/Appli/EL_C_vsCpp_Ablation_DEBUG/3_8x8_1/legacy_c/EL_C_vsCpp_Appli_3_8x8_1_legacy_c.elf
8x8,3,cpp_direct_c_backend,required_memory/model_object,10,2,4764077,4412103,4968214,0.9504722956966486,combined_all_log,0,0,2080,2048,2080,47836,92,30212,78140,77780,0.9685753624362193,0.9660748726571387,0.9712787212787213,${EL_CVSCPP_PROJECT_ROOT}/STM32CubeIDE/Appli/EL_C_vsCpp_Ablation_DEBUG/3_8x8_1/cpp_direct_c_backend,${EL_CVSCPP_PROJECT_ROOT}/STM32CubeIDE/Appli/EL_C_vsCpp_Ablation_DEBUG/3_8x8_1/cpp_direct_c_backend/serial.log,${EL_CVSCPP_PROJECT_ROOT}/STM32CubeIDE/Appli/EL_C_vsCpp_Ablation_DEBUG/3_8x8_1/cpp_direct_c_backend/EL_C_vsCpp_Appli_3_8x8_1_cpp_direct_c_backend.size.txt,${EL_CVSCPP_PROJECT_ROOT}/STM32CubeIDE/Appli/EL_C_vsCpp_Ablation_DEBUG/3_8x8_1/cpp_direct_c_backend/EL_C_vsCpp_Appli_3_8x8_1_cpp_direct_c_backend.elf
8x8,3,cpp_m55,required_memory/model_object,10,2,2288922,2049000,2422217,0.4566586451080796,combined_all_log,0,0,2080,2048,2080,42204,112,30176,72492,72088,0.8545395642666235,0.8962464764353889,0.9001998001998002,${EL_CVSCPP_PROJECT_ROOT}/STM32CubeIDE/Appli/EL_C_vsCpp_Ablation_DEBUG/3_8x8_1/cpp_m55,${EL_CVSCPP_PROJECT_ROOT}/STM32CubeIDE/Appli/EL_C_vsCpp_Ablation_DEBUG/3_8x8_1/cpp_m55/serial.log,${EL_CVSCPP_PROJECT_ROOT}/STM32CubeIDE/Appli/EL_C_vsCpp_Ablation_DEBUG/3_8x8_1/cpp_m55/EL_C_vsCpp_Appli_3_8x8_1_cpp_m55.size.txt,${EL_CVSCPP_PROJECT_ROOT}/STM32CubeIDE/Appli/EL_C_vsCpp_Ablation_DEBUG/3_8x8_1/cpp_m55/EL_C_vsCpp_Appli_3_8x8_1_cpp_m55.elf
8x8,3,cpp_generic,required_memory/model_object,10,2,2207744,1930958,2461847,0.44046297068466816,combined_all_log,0,0,1976,1952,1976,44812,112,30072,74996,74332,0.9073459139872033,0.92720439147421,0.9282217782217782,${EL_CVSCPP_PROJECT_ROOT}/STM32CubeIDE/Appli/EL_C_vsCpp_Ablation_DEBUG/3_8x8_1/cpp_generic,${EL_CVSCPP_PROJECT_ROOT}/STM32CubeIDE/Appli/EL_C_vsCpp_Ablation_DEBUG/3_8x8_1/cpp_generic/serial.log,${EL_CVSCPP_PROJECT_ROOT}/STM32CubeIDE/Appli/EL_C_vsCpp_Ablation_DEBUG/3_8x8_1/cpp_generic/EL_C_vsCpp_Appli_3_8x8_1_cpp_generic.size.txt,${EL_CVSCPP_PROJECT_ROOT}/STM32CubeIDE/Appli/EL_C_vsCpp_Ablation_DEBUG/3_8x8_1/cpp_generic/EL_C_vsCpp_Appli_3_8x8_1_cpp_generic.elf
8x8,3,rltools_generic,static_state/model_object,10,2,3112994,3096262,3137978,0.6210677437979892,combined_all_log,0,0,1948,2092,1948,46588,92,30188,76868,78720,0.9433060662509112,0.9503486474457248,0.983016983016983,${EL_CVSCPP_PROJECT_ROOT}/STM32CubeIDE/Appli/EL_C_vsCpp_Ablation_DEBUG/3_8x8_1/rltools_generic,${EL_CVSCPP_PROJECT_ROOT}/STM32CubeIDE/Appli/EL_C_vsCpp_Ablation_DEBUG/3_8x8_1/rltools_generic/serial.log,${EL_CVSCPP_PROJECT_ROOT}/STM32CubeIDE/Appli/EL_C_vsCpp_Ablation_DEBUG/3_8x8_1/rltools_generic/EL_C_vsCpp_Appli_3_8x8_1_rltools_generic.size.txt,${EL_CVSCPP_PROJECT_ROOT}/STM32CubeIDE/Appli/EL_C_vsCpp_Ablation_DEBUG/3_8x8_1/rltools_generic/EL_C_vsCpp_Appli_3_8x8_1_rltools_generic.elf
16x8,3,legacy_c,arena+control,10,2,6466717,6135485,6871863,1.0,combined_all_log,0,0,4928,4864,64,49396,92,33804,83292,80080,1.0,1.0,1.0,${EL_CVSCPP_PROJECT_ROOT}/STM32CubeIDE/Appli/EL_C_vsCpp_Ablation_DEBUG/3_16x8_1/legacy_c,${EL_CVSCPP_PROJECT_ROOT}/STM32CubeIDE/Appli/EL_C_vsCpp_Ablation_DEBUG/3_16x8_1/legacy_c/serial.log,${EL_CVSCPP_PROJECT_ROOT}/STM32CubeIDE/Appli/EL_C_vsCpp_Ablation_DEBUG/3_16x8_1/legacy_c/EL_C_vsCpp_Appli_3_16x8_1_legacy_c.size.txt,${EL_CVSCPP_PROJECT_ROOT}/STM32CubeIDE/Appli/EL_C_vsCpp_Ablation_DEBUG/3_16x8_1/legacy_c/EL_C_vsCpp_Appli_3_16x8_1_legacy_c.elf
16x8,3,cpp_direct_c_backend,required_memory/model_object,10,2,6311212,5972610,6721194,0.9759530222213219,combined_all_log,0,0,3712,3680,3712,47748,92,32612,80452,77812,0.9666369746538181,0.9659030879316141,0.9716783216783217,${EL_CVSCPP_PROJECT_ROOT}/STM32CubeIDE/Appli/EL_C_vsCpp_Ablation_DEBUG/3_16x8_1/cpp_direct_c_backend,${EL_CVSCPP_PROJECT_ROOT}/STM32CubeIDE/Appli/EL_C_vsCpp_Ablation_DEBUG/3_16x8_1/cpp_direct_c_backend/serial.log,${EL_CVSCPP_PROJECT_ROOT}/STM32CubeIDE/Appli/EL_C_vsCpp_Ablation_DEBUG/3_16x8_1/cpp_direct_c_backend/EL_C_vsCpp_Appli_3_16x8_1_cpp_direct_c_backend.size.txt,${EL_CVSCPP_PROJECT_ROOT}/STM32CubeIDE/Appli/EL_C_vsCpp_Ablation_DEBUG/3_16x8_1/cpp_direct_c_backend/EL_C_vsCpp_Appli_3_16x8_1_cpp_direct_c_backend.elf
16x8,3,cpp_m55,required_memory/model_object,10,2,4081953,3781473,4488221,0.6312249322183111,combined_all_log,0,0,3712,3680,3712,42004,112,32576,74692,72076,0.8503522552433396,0.8967487873985497,0.90004995004995,${EL_CVSCPP_PROJECT_ROOT}/STM32CubeIDE/Appli/EL_C_vsCpp_Ablation_DEBUG/3_16x8_1/cpp_m55,${EL_CVSCPP_PROJECT_ROOT}/STM32CubeIDE/Appli/EL_C_vsCpp_Ablation_DEBUG/3_16x8_1/cpp_m55/serial.log,${EL_CVSCPP_PROJECT_ROOT}/STM32CubeIDE/Appli/EL_C_vsCpp_Ablation_DEBUG/3_16x8_1/cpp_m55/EL_C_vsCpp_Appli_3_16x8_1_cpp_m55.size.txt,${EL_CVSCPP_PROJECT_ROOT}/STM32CubeIDE/Appli/EL_C_vsCpp_Ablation_DEBUG/3_16x8_1/cpp_m55/EL_C_vsCpp_Appli_3_16x8_1_cpp_m55.elf
16x8,3,cpp_generic,required_memory/model_object,10,2,4173960,3667648,4804728,0.6454527080742826,combined_all_log,0,0,3608,3584,3608,43580,112,32472,76164,73196,0.8822576726860475,0.9144215530903328,0.914035964035964,${EL_CVSCPP_PROJECT_ROOT}/STM32CubeIDE/Appli/EL_C_vsCpp_Ablation_DEBUG/3_16x8_1/cpp_generic,${EL_CVSCPP_PROJECT_ROOT}/STM32CubeIDE/Appli/EL_C_vsCpp_Ablation_DEBUG/3_16x8_1/cpp_generic/serial.log,${EL_CVSCPP_PROJECT_ROOT}/STM32CubeIDE/Appli/EL_C_vsCpp_Ablation_DEBUG/3_16x8_1/cpp_generic/EL_C_vsCpp_Appli_3_16x8_1_cpp_generic.size.txt,${EL_CVSCPP_PROJECT_ROOT}/STM32CubeIDE/Appli/EL_C_vsCpp_Ablation_DEBUG/3_16x8_1/cpp_generic/EL_C_vsCpp_Appli_3_16x8_1_cpp_generic.elf
16x8,3,rltools_generic,static_state/model_object,10,2,5531368,5501967,5554011,0.8553595278717161,combined_all_log,0,0,3548,3756,3548,47212,92,32620,79924,78984,0.9557858935946231,0.9595639437160832,0.9863136863136863,${EL_CVSCPP_PROJECT_ROOT}/STM32CubeIDE/Appli/EL_C_vsCpp_Ablation_DEBUG/3_16x8_1/rltools_generic,${EL_CVSCPP_PROJECT_ROOT}/STM32CubeIDE/Appli/EL_C_vsCpp_Ablation_DEBUG/3_16x8_1/rltools_generic/serial.log,${EL_CVSCPP_PROJECT_ROOT}/STM32CubeIDE/Appli/EL_C_vsCpp_Ablation_DEBUG/3_16x8_1/rltools_generic/EL_C_vsCpp_Appli_3_16x8_1_rltools_generic.size.txt,${EL_CVSCPP_PROJECT_ROOT}/STM32CubeIDE/Appli/EL_C_vsCpp_Ablation_DEBUG/3_16x8_1/rltools_generic/EL_C_vsCpp_Appli_3_16x8_1_rltools_generic.elf
16x16,3,legacy_c,arena+control,10,2,8228726,7839375,8743938,1.0,combined_all_log,0,0,7264,7200,64,49404,92,37292,86788,80080,1.0,1.0,1.0,${EL_CVSCPP_PROJECT_ROOT}/STM32CubeIDE/Appli/EL_C_vsCpp_Ablation_DEBUG/3_16x16_1/legacy_c,${EL_CVSCPP_PROJECT_ROOT}/STM32CubeIDE/Appli/EL_C_vsCpp_Ablation_DEBUG/3_16x16_1/legacy_c/serial.log,${EL_CVSCPP_PROJECT_ROOT}/STM32CubeIDE/Appli/EL_C_vsCpp_Ablation_DEBUG/3_16x16_1/legacy_c/EL_C_vsCpp_Appli_3_16x16_1_legacy_c.size.txt,${EL_CVSCPP_PROJECT_ROOT}/STM32CubeIDE/Appli/EL_C_vsCpp_Ablation_DEBUG/3_16x16_1/legacy_c/EL_C_vsCpp_Appli_3_16x16_1_legacy_c.elf
16x16,3,cpp_direct_c_backend,required_memory/model_object,10,2,8155474,7742501,8668784,0.9910980144435482,combined_all_log,0,0,6048,6016,6048,47868,92,36100,84060,77820,0.9689094000485791,0.9685670830068673,0.9717782217782218,${EL_CVSCPP_PROJECT_ROOT}/STM32CubeIDE/Appli/EL_C_vsCpp_Ablation_DEBUG/3_16x16_1/cpp_direct_c_backend,${EL_CVSCPP_PROJECT_ROOT}/STM32CubeIDE/Appli/EL_C_vsCpp_Ablation_DEBUG/3_16x16_1/cpp_direct_c_backend/serial.log,${EL_CVSCPP_PROJECT_ROOT}/STM32CubeIDE/Appli/EL_C_vsCpp_Ablation_DEBUG/3_16x16_1/cpp_direct_c_backend/EL_C_vsCpp_Appli_3_16x16_1_cpp_direct_c_backend.size.txt,${EL_CVSCPP_PROJECT_ROOT}/STM32CubeIDE/Appli/EL_C_vsCpp_Ablation_DEBUG/3_16x16_1/cpp_direct_c_backend/EL_C_vsCpp_Appli_3_16x16_1_cpp_direct_c_backend.elf
16x16,3,cpp_m55,required_memory/model_object,10,2,5804167,5418964,6336636,0.7053542674771283,combined_all_log,0,0,6048,6016,6048,41684,112,36064,77860,71588,0.8437373492024938,0.8971286352952021,0.893956043956044,${EL_CVSCPP_PROJECT_ROOT}/STM32CubeIDE/Appli/EL_C_vsCpp_Ablation_DEBUG/3_16x16_1/cpp_m55,${EL_CVSCPP_PROJECT_ROOT}/STM32CubeIDE/Appli/EL_C_vsCpp_Ablation_DEBUG/3_16x16_1/cpp_m55/serial.log,${EL_CVSCPP_PROJECT_ROOT}/STM32CubeIDE/Appli/EL_C_vsCpp_Ablation_DEBUG/3_16x16_1/cpp_m55/EL_C_vsCpp_Appli_3_16x16_1_cpp_m55.size.txt,${EL_CVSCPP_PROJECT_ROOT}/STM32CubeIDE/Appli/EL_C_vsCpp_Ablation_DEBUG/3_16x16_1/cpp_m55/EL_C_vsCpp_Appli_3_16x16_1_cpp_m55.elf
16x16,3,cpp_generic,required_memory/model_object,10,2,6775957,5970529,7691422,0.8234515282195567,combined_all_log,0,0,5944,5920,5944,45684,112,35960,81756,75204,0.9247024532426524,0.9420196340507905,0.9391108891108891,${EL_CVSCPP_PROJECT_ROOT}/STM32CubeIDE/Appli/EL_C_vsCpp_Ablation_DEBUG/3_16x16_1/cpp_generic,${EL_CVSCPP_PROJECT_ROOT}/STM32CubeIDE/Appli/EL_C_vsCpp_Ablation_DEBUG/3_16x16_1/cpp_generic/serial.log,${EL_CVSCPP_PROJECT_ROOT}/STM32CubeIDE/Appli/EL_C_vsCpp_Ablation_DEBUG/3_16x16_1/cpp_generic/EL_C_vsCpp_Appli_3_16x16_1_cpp_generic.size.txt,${EL_CVSCPP_PROJECT_ROOT}/STM32CubeIDE/Appli/EL_C_vsCpp_Ablation_DEBUG/3_16x16_1/cpp_generic/EL_C_vsCpp_Appli_3_16x16_1_cpp_generic.elf
16x16,3,rltools_generic,static_state/model_object,10,2,9828869,9789724,9856802,1.194458170073958,combined_all_log,0,0,5916,6124,5916,47972,92,36140,84204,80260,0.9710144927536232,0.9702262985666221,1.0022477522477522,${EL_CVSCPP_PROJECT_ROOT}/STM32CubeIDE/Appli/EL_C_vsCpp_Ablation_DEBUG/3_16x16_1/rltools_generic,${EL_CVSCPP_PROJECT_ROOT}/STM32CubeIDE/Appli/EL_C_vsCpp_Ablation_DEBUG/3_16x16_1/rltools_generic/serial.log,${EL_CVSCPP_PROJECT_ROOT}/STM32CubeIDE/Appli/EL_C_vsCpp_Ablation_DEBUG/3_16x16_1/rltools_generic/EL_C_vsCpp_Appli_3_16x16_1_rltools_generic.size.txt,${EL_CVSCPP_PROJECT_ROOT}/STM32CubeIDE/Appli/EL_C_vsCpp_Ablation_DEBUG/3_16x16_1/rltools_generic/EL_C_vsCpp_Appli_3_16x16_1_rltools_generic.elf
32x16,3,legacy_c,arena+control,10,2,12068699,10671601,13354982,1.0,combined_all_log,0,0,12576,12512,64,49404,92,45164,94660,80048,1.0,1.0,1.0,${EL_CVSCPP_PROJECT_ROOT}/STM32CubeIDE/Appli/EL_C_vsCpp_Ablation_DEBUG/3_32x16_1/legacy_c,${EL_CVSCPP_PROJECT_ROOT}/STM32CubeIDE/Appli/EL_C_vsCpp_Ablation_DEBUG/3_32x16_1/legacy_c/serial.log,${EL_CVSCPP_PROJECT_ROOT}/STM32CubeIDE/Appli/EL_C_vsCpp_Ablation_DEBUG/3_32x16_1/legacy_c/EL_C_vsCpp_Appli_3_32x16_1_legacy_c.size.txt,${EL_CVSCPP_PROJECT_ROOT}/STM32CubeIDE/Appli/EL_C_vsCpp_Ablation_DEBUG/3_32x16_1/legacy_c/EL_C_vsCpp_Appli_3_32x16_1_legacy_c.elf
32x16,3,cpp_direct_c_backend,required_memory/model_object,10,2,11871360,10685762,12870071,0.9836486932021422,combined_all_log,0,0,11360,11328,11360,47780,92,43972,91844,77852,0.9671281677596956,0.9702514261567716,0.9725664601239257,${EL_CVSCPP_PROJECT_ROOT}/STM32CubeIDE/Appli/EL_C_vsCpp_Ablation_DEBUG/3_32x16_1/cpp_direct_c_backend,${EL_CVSCPP_PROJECT_ROOT}/STM32CubeIDE/Appli/EL_C_vsCpp_Ablation_DEBUG/3_32x16_1/cpp_direct_c_backend/serial.log,${EL_CVSCPP_PROJECT_ROOT}/STM32CubeIDE/Appli/EL_C_vsCpp_Ablation_DEBUG/3_32x16_1/cpp_direct_c_backend/EL_C_vsCpp_Appli_3_32x16_1_cpp_direct_c_backend.size.txt,${EL_CVSCPP_PROJECT_ROOT}/STM32CubeIDE/Appli/EL_C_vsCpp_Ablation_DEBUG/3_32x16_1/cpp_direct_c_backend/EL_C_vsCpp_Appli_3_32x16_1_cpp_direct_c_backend.elf
32x16,3,cpp_m55,required_memory/model_object,10,2,10367178,9404638,11515307,0.859013718048648,combined_all_log,0,0,11360,11328,11360,41372,112,43936,85420,71448,0.8374220710873613,0.9023874920769068,0.8925644613232061,${EL_CVSCPP_PROJECT_ROOT}/STM32CubeIDE/Appli/EL_C_vsCpp_Ablation_DEBUG/3_32x16_1/cpp_m55,${EL_CVSCPP_PROJECT_ROOT}/STM32CubeIDE/Appli/EL_C_vsCpp_Ablation_DEBUG/3_32x16_1/cpp_m55/serial.log,${EL_CVSCPP_PROJECT_ROOT}/STM32CubeIDE/Appli/EL_C_vsCpp_Ablation_DEBUG/3_32x16_1/cpp_m55/EL_C_vsCpp_Appli_3_32x16_1_cpp_m55.size.txt,${EL_CVSCPP_PROJECT_ROOT}/STM32CubeIDE/Appli/EL_C_vsCpp_Ablation_DEBUG/3_32x16_1/cpp_m55/EL_C_vsCpp_Appli_3_32x16_1_cpp_m55.elf
32x16,3,cpp_generic,required_memory/model_object,10,2,12166649,10738088,13867942,1.0081160363681287,combined_all_log,0,0,11256,11232,11256,46220,112,43832,90164,75892,0.9355517771840337,0.952503697443482,0.9480811513092144,${EL_CVSCPP_PROJECT_ROOT}/STM32CubeIDE/Appli/EL_C_vsCpp_Ablation_DEBUG/3_32x16_1/cpp_generic,${EL_CVSCPP_PROJECT_ROOT}/STM32CubeIDE/Appli/EL_C_vsCpp_Ablation_DEBUG/3_32x16_1/cpp_generic/serial.log,${EL_CVSCPP_PROJECT_ROOT}/STM32CubeIDE/Appli/EL_C_vsCpp_Ablation_DEBUG/3_32x16_1/cpp_generic/EL_C_vsCpp_Appli_3_32x16_1_cpp_generic.size.txt,${EL_CVSCPP_PROJECT_ROOT}/STM32CubeIDE/Appli/EL_C_vsCpp_Ablation_DEBUG/3_32x16_1/cpp_generic/EL_C_vsCpp_Appli_3_32x16_1_cpp_generic.elf
32x16,3,rltools_generic,static_state/model_object,10,2,25063865,25045459,25082403,2.076766103786332,combined_all_log,0,0,11164,11500,11164,47068,92,44076,91236,78864,0.9527163792405473,0.9638284386224382,0.9852088746751949,${EL_CVSCPP_PROJECT_ROOT}/STM32CubeIDE/Appli/EL_C_vsCpp_Ablation_DEBUG/3_32x16_1/rltools_generic,${EL_CVSCPP_PROJECT_ROOT}/STM32CubeIDE/Appli/EL_C_vsCpp_Ablation_DEBUG/3_32x16_1/rltools_generic/serial.log,${EL_CVSCPP_PROJECT_ROOT}/STM32CubeIDE/Appli/EL_C_vsCpp_Ablation_DEBUG/3_32x16_1/rltools_generic/EL_C_vsCpp_Appli_3_32x16_1_rltools_generic.size.txt,${EL_CVSCPP_PROJECT_ROOT}/STM32CubeIDE/Appli/EL_C_vsCpp_Ablation_DEBUG/3_32x16_1/rltools_generic/EL_C_vsCpp_Appli_3_32x16_1_rltools_generic.elf
32x32,3,legacy_c,arena+control,10,2,17274357,16199181,18858614,1.0,combined_all_log,0,0,21344,21280,64,49412,92,58284,107788,80112,1.0,1.0,1.0,${EL_CVSCPP_PROJECT_ROOT}/STM32CubeIDE/Appli/EL_C_vsCpp_Ablation_DEBUG/3_32x32_1/legacy_c,${EL_CVSCPP_PROJECT_ROOT}/STM32CubeIDE/Appli/EL_C_vsCpp_Ablation_DEBUG/3_32x32_1/legacy_c/serial.log,${EL_CVSCPP_PROJECT_ROOT}/STM32CubeIDE/Appli/EL_C_vsCpp_Ablation_DEBUG/3_32x32_1/legacy_c/EL_C_vsCpp_Appli_3_32x32_1_legacy_c.size.txt,${EL_CVSCPP_PROJECT_ROOT}/STM32CubeIDE/Appli/EL_C_vsCpp_Ablation_DEBUG/3_32x32_1/legacy_c/EL_C_vsCpp_Appli_3_32x32_1_legacy_c.elf
32x32,3,cpp_direct_c_backend,required_memory/model_object,10,2,21239424,20108774,22822439,1.229534853308867,combined_all_log,0,0,20128,20096,20128,47900,92,57092,105084,77852,0.9694001457135918,0.9749137195235091,0.9717894947074096,${EL_CVSCPP_PROJECT_ROOT}/STM32CubeIDE/Appli/EL_C_vsCpp_Ablation_DEBUG/3_32x32_1/cpp_direct_c_backend,${EL_CVSCPP_PROJECT_ROOT}/STM32CubeIDE/Appli/EL_C_vsCpp_Ablation_DEBUG/3_32x32_1/cpp_direct_c_backend/serial.log,${EL_CVSCPP_PROJECT_ROOT}/STM32CubeIDE/Appli/EL_C_vsCpp_Ablation_DEBUG/3_32x32_1/cpp_direct_c_backend/EL_C_vsCpp_Appli_3_32x32_1_cpp_direct_c_backend.size.txt,${EL_CVSCPP_PROJECT_ROOT}/STM32CubeIDE/Appli/EL_C_vsCpp_Ablation_DEBUG/3_32x32_1/cpp_direct_c_backend/EL_C_vsCpp_Appli_3_32x32_1_cpp_direct_c_backend.elf
32x32,3,cpp_m55,required_memory/model_object,10,2,16849063,15745683,18741464,0.9753800387476073,combined_all_log,0,0,20128,20096,20128,41660,112,57056,98828,71556,0.8431150327855582,0.9168738635098527,0.8931995206710606,${EL_CVSCPP_PROJECT_ROOT}/STM32CubeIDE/Appli/EL_C_vsCpp_Ablation_DEBUG/3_32x32_1/cpp_m55,${EL_CVSCPP_PROJECT_ROOT}/STM32CubeIDE/Appli/EL_C_vsCpp_Ablation_DEBUG/3_32x32_1/cpp_m55/serial.log,${EL_CVSCPP_PROJECT_ROOT}/STM32CubeIDE/Appli/EL_C_vsCpp_Ablation_DEBUG/3_32x32_1/cpp_m55/EL_C_vsCpp_Appli_3_32x32_1_cpp_m55.size.txt,${EL_CVSCPP_PROJECT_ROOT}/STM32CubeIDE/Appli/EL_C_vsCpp_Ablation_DEBUG/3_32x32_1/cpp_m55/EL_C_vsCpp_Appli_3_32x32_1_cpp_m55.elf
32x32,3,cpp_generic,required_memory/model_object,10,2,21697745,20116112,24379573,1.256066723641291,combined_all_log,0,0,20024,20000,20024,45852,112,56952,102916,75364,0.9279527240346475,0.9548001632834824,0.9407329738366287,${EL_CVSCPP_PROJECT_ROOT}/STM32CubeIDE/Appli/EL_C_vsCpp_Ablation_DEBUG/3_32x32_1/cpp_generic,${EL_CVSCPP_PROJECT_ROOT}/STM32CubeIDE/Appli/EL_C_vsCpp_Ablation_DEBUG/3_32x32_1/cpp_generic/serial.log,${EL_CVSCPP_PROJECT_ROOT}/STM32CubeIDE/Appli/EL_C_vsCpp_Ablation_DEBUG/3_32x32_1/cpp_generic/EL_C_vsCpp_Appli_3_32x32_1_cpp_generic.size.txt,${EL_CVSCPP_PROJECT_ROOT}/STM32CubeIDE/Appli/EL_C_vsCpp_Ablation_DEBUG/3_32x32_1/cpp_generic/EL_C_vsCpp_Appli_3_32x32_1_cpp_generic.elf
32x32,3,rltools_generic,static_state/model_object,10,2,51014318,50984234,51051953,2.9531818753080072,combined_all_log,0,0,19996,20332,19996,45884,92,57260,103236,78100,0.928600339998381,0.9577689538724162,0.9748851607749152,${EL_CVSCPP_PROJECT_ROOT}/STM32CubeIDE/Appli/EL_C_vsCpp_Ablation_DEBUG/3_32x32_1/rltools_generic,${EL_CVSCPP_PROJECT_ROOT}/STM32CubeIDE/Appli/EL_C_vsCpp_Ablation_DEBUG/3_32x32_1/rltools_generic/serial.log,${EL_CVSCPP_PROJECT_ROOT}/STM32CubeIDE/Appli/EL_C_vsCpp_Ablation_DEBUG/3_32x32_1/rltools_generic/EL_C_vsCpp_Appli_3_32x32_1_rltools_generic.size.txt,${EL_CVSCPP_PROJECT_ROOT}/STM32CubeIDE/Appli/EL_C_vsCpp_Ablation_DEBUG/3_32x32_1/rltools_generic/EL_C_vsCpp_Appli_3_32x32_1_rltools_generic.elf
64x32,3,legacy_c,arena+control,10,2,31442485,27859195,33857576,1.0,combined_all_log,0,0,40160,40096,64,49412,92,86316,135820,80112,1.0,1.0,1.0,${EL_CVSCPP_PROJECT_ROOT}/STM32CubeIDE/Appli/EL_C_vsCpp_Ablation_DEBUG/3_64x32_1/legacy_c,${EL_CVSCPP_PROJECT_ROOT}/STM32CubeIDE/Appli/EL_C_vsCpp_Ablation_DEBUG/3_64x32_1/legacy_c/serial.log,${EL_CVSCPP_PROJECT_ROOT}/STM32CubeIDE/Appli/EL_C_vsCpp_Ablation_DEBUG/3_64x32_1/legacy_c/EL_C_vsCpp_Appli_3_64x32_1_legacy_c.size.txt,${EL_CVSCPP_PROJECT_ROOT}/STM32CubeIDE/Appli/EL_C_vsCpp_Ablation_DEBUG/3_64x32_1/legacy_c/EL_C_vsCpp_Appli_3_64x32_1_legacy_c.elf
64x32,3,cpp_direct_c_backend,required_memory/model_object,10,2,37206602,34859875,40844420,1.1833225649944652,combined_all_log,0,0,38944,38912,38944,47772,92,85124,132988,77820,0.9668096818586578,0.9791488735090561,0.9713900539245057,${EL_CVSCPP_PROJECT_ROOT}/STM32CubeIDE/Appli/EL_C_vsCpp_Ablation_DEBUG/3_64x32_1/cpp_direct_c_backend,${EL_CVSCPP_PROJECT_ROOT}/STM32CubeIDE/Appli/EL_C_vsCpp_Ablation_DEBUG/3_64x32_1/cpp_direct_c_backend/serial.log,${EL_CVSCPP_PROJECT_ROOT}/STM32CubeIDE/Appli/EL_C_vsCpp_Ablation_DEBUG/3_64x32_1/cpp_direct_c_backend/EL_C_vsCpp_Appli_3_64x32_1_cpp_direct_c_backend.size.txt,${EL_CVSCPP_PROJECT_ROOT}/STM32CubeIDE/Appli/EL_C_vsCpp_Ablation_DEBUG/3_64x32_1/cpp_direct_c_backend/EL_C_vsCpp_Appli_3_64x32_1_cpp_direct_c_backend.elf
64x32,3,cpp_m55,required_memory/model_object,10,2,27588405,24845461,29701912,0.8774244465728456,combined_all_log,0,0,38944,38912,38944,42716,112,85088,127916,72792,0.8644863595887639,0.9418053305845973,0.908627920910725,${EL_CVSCPP_PROJECT_ROOT}/STM32CubeIDE/Appli/EL_C_vsCpp_Ablation_DEBUG/3_64x32_1/cpp_m55,${EL_CVSCPP_PROJECT_ROOT}/STM32CubeIDE/Appli/EL_C_vsCpp_Ablation_DEBUG/3_64x32_1/cpp_m55/serial.log,${EL_CVSCPP_PROJECT_ROOT}/STM32CubeIDE/Appli/EL_C_vsCpp_Ablation_DEBUG/3_64x32_1/cpp_m55/EL_C_vsCpp_Appli_3_64x32_1_cpp_m55.size.txt,${EL_CVSCPP_PROJECT_ROOT}/STM32CubeIDE/Appli/EL_C_vsCpp_Ablation_DEBUG/3_64x32_1/cpp_m55/EL_C_vsCpp_Appli_3_64x32_1_cpp_m55.elf
64x32,3,cpp_generic,required_memory/model_object,10,2,41759533,36207327,45324369,1.3281244469067888,combined_all_log,0,0,38840,38816,38840,47868,112,84984,132964,77524,0.9687525297498584,0.9789721690472685,0.9676952266826443,${EL_CVSCPP_PROJECT_ROOT}/STM32CubeIDE/Appli/EL_C_vsCpp_Ablation_DEBUG/3_64x32_1/cpp_generic,${EL_CVSCPP_PROJECT_ROOT}/STM32CubeIDE/Appli/EL_C_vsCpp_Ablation_DEBUG/3_64x32_1/cpp_generic/serial.log,${EL_CVSCPP_PROJECT_ROOT}/STM32CubeIDE/Appli/EL_C_vsCpp_Ablation_DEBUG/3_64x32_1/cpp_generic/EL_C_vsCpp_Appli_3_64x32_1_cpp_generic.size.txt,${EL_CVSCPP_PROJECT_ROOT}/STM32CubeIDE/Appli/EL_C_vsCpp_Ablation_DEBUG/3_64x32_1/cpp_generic/EL_C_vsCpp_Appli_3_64x32_1_cpp_generic.elf
64x32,3,rltools_generic,static_state/model_object,10,2,109223786,106111926,112193445,3.4737644305149544,combined_all_log,0,0,38684,39276,38684,48780,92,85420,134292,80640,0.9872095847162633,0.9887498159328523,1.0065907729179149,${EL_CVSCPP_PROJECT_ROOT}/STM32CubeIDE/Appli/EL_C_vsCpp_Ablation_DEBUG/3_64x32_1/rltools_generic,${EL_CVSCPP_PROJECT_ROOT}/STM32CubeIDE/Appli/EL_C_vsCpp_Ablation_DEBUG/3_64x32_1/rltools_generic/serial.log,${EL_CVSCPP_PROJECT_ROOT}/STM32CubeIDE/Appli/EL_C_vsCpp_Ablation_DEBUG/3_64x32_1/rltools_generic/EL_C_vsCpp_Appli_3_64x32_1_rltools_generic.size.txt,${EL_CVSCPP_PROJECT_ROOT}/STM32CubeIDE/Appli/EL_C_vsCpp_Ablation_DEBUG/3_64x32_1/rltools_generic/EL_C_vsCpp_Appli_3_64x32_1_rltools_generic.elf
